Gemeindekennziffer;Name;Innergemeindliche_Pendler;Einpendler;Auspendler;Erwerbstaetig_am_Wohnort;Erwerbstaetige_am_Arbeitsort
08111000;Stuttgart, Landeshauptstadt;218.335;265.192;96.293;314.628;483.527
08115001;Aidlingen;733;716;3.767;4.500;1.449
08115002;Altdorf;260;384;2.083;2.343;644
08115003;Böblingen, Stadt;8.536;29.159;17.254;25.790;37.695
08115004;Bondorf;620;1.343;2.488;3.108;1.963
08115010;Deckenpfronn;524;836;1.267;1.791;1.360
08115013;Ehningen;880;5.112;3.902;4.782;5.992
08115015;Gärtringen;1.129;3.178;5.149;6.278;4.307
08115016;Gäufelden;833;1.069;4.056;4.889;1.902
08115021;Herrenberg, Stadt;5.024;8.537;11.375;16.399;13.561
08115022;Hildrizhausen;263;408;1.654;1.917;671
08115024;Holzgerlingen, Stadt;1.436;4.885;5.371;6.807;6.321
08115028;Leonberg, Stadt;8.274;13.994;16.618;24.892;22.268
08115029;Magstadt;1.077;1.628;3.940;5.017;2.705
08115034;Mötzingen;306;586;1.600;1.906;892
08115037;Nufringen;465;2.251;2.578;3.043;2.716
08115041;Renningen, Stadt;2.291;5.439;6.933;9.224;7.730
08115042;Rutesheim;1.220;2.946;4.421;5.641;4.166
08115044;Schönaich;1.341;2.231;3.982;5.323;3.572
08115045;Sindelfingen, Stadt;14.189;52.614;16.810;30.999;66.803
08115046;Steinenbronn;719;1.284;2.661;3.380;2.003
08115048;Waldenbuch, Stadt;1.235;2.531;3.381;4.616;3.766
08115050;Weil der Stadt, Stadt;2.524;4.347;7.311;9.835;6.871
08115051;Weil im Schönbuch;1.111;1.716;4.042;5.153;2.827
08115052;Weissach;1.011;6.772;2.923;3.934;7.783
08115053;Jettingen;782;1.022;3.198;3.980;1.804
08115054;Grafenau;488;599;3.008;3.496;1.087
08116004;Altbach;369;1.382;2.725;3.094;1.751
08116005;Altdorf;79;238;774;853;317
08116006;Altenriet;111;126;910;1.021;237
08116007;Baltmannsweiler;499;386;2.495;2.994;885
08116008;Bempflingen;350;1.213;1.567;1.917;1.563
08116011;Beuren;396;736;1.571;1.967;1.132
08116012;Bissingen an der Teck;435;865;1.483;1.918;1.300
08116014;Deizisau;645;2.663;2.896;3.541;3.308
08116015;Denkendorf;1.143;2.747;4.725;5.868;3.890
08116016;Dettingen unter Teck;683;2.391;2.391;3.074;3.074
08116018;Erkenbrechtsweiler;219;286;977;1.196;505
08116019;Esslingen am Neckar, Stadt;20.562;39.880;26.488;47.050;60.442
08116020;Frickenhausen;1.116;2.416;3.582;4.698;3.532
08116022;Großbettlingen;297;721;2.044;2.341;1.018
08116027;Hochdorf;366;873;2.077;2.443;1.239
08116029;Holzmaden;151;549;1.006;1.157;700
08116033;Kirchheim unter Teck, Stadt;9.008;14.653;12.428;21.436;23.661
08116035;Köngen;1.132;2.877;4.151;5.283;4.009
08116036;Kohlberg;202;920;1.032;1.234;1.122
08116037;Lichtenwald;178;147;1.199;1.377;325
08116041;Neckartailfingen;396;766;1.659;2.055;1.162
08116042;Neckartenzlingen;788;2.084;2.541;3.329;2.872
08116043;Neidlingen;178;118;825;1.003;296
08116046;Neuffen, Stadt;777;1.089;2.524;3.301;1.866
08116047;Neuhausen auf den Fildern;1.471;5.024;4.981;6.452;6.495
08116048;Notzingen;262;356;1.613;1.875;618
08116049;Nürtingen, Stadt;7.918;15.339;12.766;20.684;23.257
08116050;Oberboihingen;538;1.739;2.442;2.980;2.277
08116053;Ohmden;77;92;775;852;169
08116054;Owen, Stadt;417;1.194;1.441;1.858;1.611
08116056;Plochingen, Stadt;1.615;5.585;5.577;7.192;7.200
08116058;Reichenbach an der Fils;934;2.341;3.447;4.381;3.275
08116063;Schlaitdorf;75;111;926;1.001;186
08116068;Unterensingen;393;1.153;2.163;2.556;1.546
08116070;Weilheim an der Teck, Stadt;1.811;2.927;3.669;5.480;4.738
08116071;Wendlingen am Neckar, Stadt;2.003;6.391;6.790;8.793;8.394
08116072;Wernau (Neckar), Stadt;1.430;2.972;5.228;6.658;4.402
08116073;Wolfschlugen;568;1.296;2.816;3.384;1.864
08116076;Aichwald;815;1.049;3.134;3.949;1.864
08116077;Filderstadt, Stadt;7.975;12.655;17.341;25.316;20.630
08116078;Leinfelden-Echterdingen, Stadt;7.057;25.860;14.747;21.804;32.917
08116079;Lenningen;1.199;1.212;3.143;4.342;2.411
08116080;Ostfildern, Stadt;5.309;11.932;14.930;20.239;17.241
08116081;Aichtal, Stadt;1.062;2.296;4.427;5.489;3.358
08117001;Adelberg;274;838;775;1.049;1.112
08117002;Aichelberg;108;238;633;741;346
08117003;Albershausen;341;839;2.005;2.346;1.180
08117006;Bad Ditzenbach;468;896;1.492;1.960;1.364
08117007;Bad Überkingen;481;1.509;1.526;2.007;1.990
08117009;Birenbach;105;166;885;990;271
08117010;Böhmenkirch;1.037;2.084;2.019;3.056;3.121
08117011;Börtlingen;125;102;744;869;227
08117012;Bad Boll;849;2.190;1.736;2.585;3.039
08117014;Deggingen;722;807;2.055;2.777;1.529
08117015;Donzdorf, Stadt;1.777;1.565;3.920;5.697;3.342
08117016;Drackenstein;35;38;203;238;73
08117017;Dürnau;168;324;991;1.159;492
08117018;Ebersbach an der Fils, Stadt;1.721;2.995;6.212;7.933;4.716
08117019;Eislingen/ Fils, Stadt;2.738;6.049;7.927;10.665;8.787
08117020;Eschenbach;121;632;1.083;1.204;753
08117023;Gammelshausen;68;71;684;752;139
08117024;Geislingen an der Steige, Stadt;5.491;6.149;8.095;13.586;11.640
08117025;Gingen an der Fils;497;1.051;1.809;2.306;1.548
08117026;Göppingen, Stadt;13.611;26.598;14.536;28.147;40.209
08117028;Gruibingen;247;381;986;1.233;628
08117029;Hattenhofen;306;762;1.279;1.585;1.068
08117030;Heiningen;572;1.586;2.196;2.768;2.158
08117031;Hohenstadt;54;35;315;369;89
08117033;Kuchen;495;730;2.385;2.880;1.225
08117035;Mühlhausen im Täle;102;401;456;558;503
08117037;Ottenbach;246;278;1.121;1.367;524
08117038;Rechberghausen;447;932;2.410;2.857;1.379
08117042;Salach;964;4.295;3.101;4.065;5.259
08117043;Schlat;143;96;784;927;239
08117044;Schlierbach;405;1.491;1.635;2.040;1.896
08117049;Süßen, Stadt;1.282;2.849;3.846;5.128;4.131
08117051;Uhingen, Stadt;1.570;3.574;5.662;7.232;5.144
08117053;Wäschenbeuren;269;320;1.708;1.977;589
08117055;Wangen;303;862;1.343;1.646;1.165
08117058;Wiesensteig, Stadt;357;424;815;1.172;781
08117060;Zell unter Aichelberg;386;861;1.381;1.767;1.247
08117061;Lauterstein, Stadt;233;252;1.098;1.331;485
08118001;Affalterbach;539;2.908;1.761;2.300;3.447
08118003;Asperg, Stadt;1.176;3.705;5.828;7.004;4.881
08118006;Benningen am Neckar;420;857;2.982;3.402;1.277
08118007;Besigheim, Stadt;1.607;4.953;4.917;6.524;6.560
08118010;Bönnigheim, Stadt;985;2.068;3.197;4.182;3.053
08118011;Ditzingen, Stadt;3.881;11.284;9.469;13.350;15.165
08118012;Eberdingen;822;970;2.853;3.675;1.792
08118014;Erdmannhausen;466;895;2.112;2.578;1.361
08118015;Erligheim;274;725;1.276;1.550;999
08118016;Freudental;170;148;1.147;1.317;318
08118018;Gemmrigheim;413;488;1.781;2.194;901
08118019;Gerlingen, Stadt;2.456;6.720;7.898;10.354;9.176
08118021;Großbottwar, Stadt;1.079;1.276;3.277;4.356;2.355
08118027;Hemmingen;843;1.303;3.199;4.042;2.146
08118028;Hessigheim;243;235;1.098;1.341;478
08118040;Kirchheim am Neckar;649;1.194;2.439;3.088;1.843
08118046;Kornwestheim, Stadt;3.999;8.759;13.599;17.598;12.758
08118047;Löchgau;497;1.097;2.546;3.043;1.594
08118048;Ludwigsburg, Stadt;19.454;44.968;28.419;47.873;64.422
08118049;Marbach am Neckar, Stadt;1.946;3.359;6.388;8.334;5.305
08118050;Markgröningen, Stadt;2.184;4.003;5.846;8.030;6.187
08118051;Möglingen;949;2.429;5.056;6.005;3.378
08118053;Mundelsheim;339;375;1.469;1.808;714
08118054;Murr;778;2.480;2.741;3.519;3.258
08118059;Oberriexingen, Stadt;260;320;1.506;1.766;580
08118060;Oberstenfeld;1.007;1.279;3.151;4.158;2.286
08118063;Pleidelsheim;692;2.139;2.695;3.387;2.831
08118067;Schwieberdingen;1.277;7.177;4.882;6.159;8.454
08118068;Sersheim;520;831;2.381;2.901;1.351
08118070;Steinheim an der Murr, Stadt;1.166;1.862;5.266;6.432;3.028
08118071;Tamm;952;2.685;5.941;6.893;3.637
08118073;Vaihingen an der Enz, Stadt;5.334;5.341;10.071;15.405;10.675
08118074;Walheim;216;363;1.459;1.675;579
08118076;Sachsenheim, Stadt;2.177;2.991;7.537;9.714;5.168
08118077;Ingersheim;561;814;2.817;3.378;1.375
08118078;Freiberg am Neckar, Stadt;1.862;4.805;7.019;8.881;6.667
08118079;Bietigheim-Bissingen, Stadt;9.203;20.878;13.222;22.425;30.081
08118080;Korntal-Münchingen, Stadt;2.387;7.658;7.827;10.214;10.045
08118081;Remseck am Neckar, Stadt;2.214;3.402;11.546;13.760;5.616
08119001;Alfdorf;1.241;2.457;2.547;3.788;3.698
08119003;Allmersbach im Tal;416;1.065;2.058;2.474;1.481
08119004;Althütte;519;368;1.730;2.249;887
08119006;Auenwald;605;715;3.032;3.637;1.320
08119008;Backnang, Stadt;7.397;11.666;11.193;18.590;19.063
08119018;Burgstetten;312;447;1.626;1.938;759
08119020;Fellbach, Stadt;7.825;22.943;16.697;24.522;30.768
08119024;Großerlach;294;582;876;1.170;876
08119037;Kaisersbach;314;429;1.060;1.374;743
08119038;Kirchberg an der Murr;406;754;1.578;1.984;1.160
08119041;Korb;1.041;1.387;4.804;5.845;2.428
08119042;Leutenbach;974;1.852;5.359;6.333;2.826
08119044;Murrhardt, Stadt;2.988;2.023;4.003;6.991;5.011
08119053;Oppenweiler;565;1.876;1.639;2.204;2.441
08119055;Plüderhausen;1.222;2.137;3.815;5.037;3.359
08119061;Rudersberg;1.595;1.788;4.345;5.940;3.383
08119067;Schorndorf, Stadt;7.348;10.370;13.095;20.443;17.718
08119068;Schwaikheim;851;1.525;4.217;5.068;2.376
08119069;Spiegelberg;187;131;982;1.169;318
08119075;Sulzbach an der Murr;870;1.838;1.939;2.809;2.708
08119076;Urbach;1.033;2.897;3.591;4.624;3.930
08119079;Waiblingen, Stadt;9.568;23.236;19.213;28.781;32.804
08119083;Weissach im Tal;716;950;3.060;3.776;1.666
08119084;Welzheim, Stadt;2.235;1.875;3.573;5.808;4.110
08119085;Winnenden, Stadt;4.873;10.988;9.833;14.706;15.861
08119086;Winterbach;1.011;3.703;2.973;3.984;4.714
08119087;Aspach;1.193;1.730;3.254;4.447;2.923
08119089;Berglen;545;670;2.894;3.439;1.215
08119090;Remshalden;1.507;3.043;5.958;7.465;4.550
08119091;Weinstadt, Stadt;3.711;6.027;10.274;13.985;9.738
08119093;Kernen im Remstal;2.168;4.919;6.118;8.286;7.087
08121000;Heilbronn, Stadt;36.959;53.773;26.912;63.871;90.732
08125001;Abstatt;600;5.619;1.971;2.571;6.219
08125005;Bad Friedrichshall, Stadt;2.231;4.385;8.327;10.558;6.616
08125006;Bad Rappenau, Stadt;3.504;3.991;7.634;11.138;7.495
08125007;Bad Wimpfen, Stadt;980;1.850;2.732;3.712;2.830
08125008;Beilstein, Stadt;724;873;2.496;3.220;1.597
08125013;Brackenheim, Stadt;2.850;3.862;5.897;8.747;6.712
08125017;Cleebronn;385;957;1.208;1.593;1.342
08125021;Eberstadt;277;381;1.471;1.748;658
08125024;Ellhofen;315;1.353;1.655;1.970;1.668
08125026;Eppingen, Stadt;4.741;4.062;6.897;11.638;8.803
08125027;Erlenbach;534;1.195;2.352;2.886;1.729
08125030;Flein;602;1.143;3.019;3.621;1.745
08125034;Gemmingen;654;1.238;2.059;2.713;1.892
08125038;Güglingen, Stadt;1.358;3.099;1.996;3.354;4.457
08125039;Gundelsheim, Stadt;924;1.017;3.004;3.928;1.941
08125046;Ilsfeld;1.614;3.984;3.641;5.255;5.598
08125047;Ittlingen;322;437;992;1.314;759
08125048;Jagsthausen;395;421;612;1.007;816
08125049;Kirchardt;805;1.187;2.139;2.944;1.992
08125056;Lauffen am Neckar, Stadt;1.844;2.832;4.396;6.240;4.676
08125057;Lehrensteinsfeld;187;303;1.107;1.294;490
08125058;Leingarten;1.636;3.486;4.764;6.400;5.122
08125059;Löwenstein, Stadt;564;1.651;1.291;1.855;2.215
08125061;Massenbachhausen;347;771;1.662;2.009;1.118
08125063;Möckmühl, Stadt;1.567;2.326;2.584;4.151;3.893
08125065;Neckarsulm, Stadt;6.442;34.747;7.701;14.143;41.189
08125066;Neckarwestheim;480;1.264;1.645;2.125;1.744
08125068;Neudenau, Stadt;608;469;2.150;2.758;1.077
08125069;Neuenstadt am Kocher, Stadt;1.562;3.767;3.850;5.412;5.329
08125074;Nordheim;950;1.144;3.425;4.375;2.094
08125078;Oedheim;473;626;2.999;3.472;1.099
08125079;Offenau;309;978;1.164;1.473;1.287
08125081;Pfaffenhofen;249;382;1.058;1.307;631
08125084;Roigheim;148;238;593;741;386
08125086;Schwaigern, Stadt;2.109;3.328;4.166;6.275;5.437
08125087;Siegelsbach;161;889;706;867;1.050
08125094;Talheim;450;1.450;2.245;2.695;1.900
08125096;Untereisesheim;263;556;1.938;2.201;819
08125098;Untergruppenbach;786;1.914;3.733;4.519;2.700
08125102;Weinsberg, Stadt;1.598;4.666;4.949;6.547;6.264
08125103;Widdern, Stadt;235;160;792;1.027;395
08125107;Wüstenrot;1.041;693;2.456;3.497;1.734
08125108;Zaberfeld;399;388;1.762;2.161;787
08125110;Obersulm;2.098;2.805;5.299;7.397;4.903
08125111;Hardthausen am Kocher;469;888;1.850;2.319;1.357
08125113;Langenbrettach;383;549;1.767;2.150;932
08126011;Bretzfeld;1.751;1.841;5.310;7.061;3.592
08126020;Dörzbach;394;660;1.024;1.418;1.054
08126028;Forchtenberg, Stadt;859;1.257;1.950;2.809;2.116
08126039;Ingelfingen, Stadt;1.159;3.205;2.057;3.216;4.364
08126045;Krautheim, Stadt;949;1.189;1.678;2.627;2.138
08126046;Künzelsau, Stadt;3.792;8.754;4.382;8.174;12.546
08126047;Kupferzell;1.084;1.766;2.561;3.645;2.850
08126056;Mulfingen;1.018;3.207;1.213;2.231;4.225
08126058;Neuenstein, Stadt;1.148;2.483;2.524;3.672;3.631
08126060;Niedernhall, Stadt;492;1.448;1.710;2.202;1.940
08126066;Öhringen, Stadt;5.617;7.737;7.298;12.915;13.354
08126069;Pfedelbach;1.226;1.955;3.790;5.016;3.181
08126072;Schöntal;990;1.638;2.200;3.190;2.628
08126085;Waldenburg, Stadt;492;3.410;1.134;1.626;3.902
08126086;Weißbach;247;1.163;861;1.108;1.410
08126094;Zweiflingen;209;247;701;910;456
08127008;Blaufelden;1.445;2.245;1.617;3.062;3.690
08127009;Braunsbach;336;157;1.058;1.394;493
08127012;Bühlertann;335;395;1.427;1.762;730
08127013;Bühlerzell;320;252;828;1.148;572
08127014;Crailsheim, Stadt;11.539;11.518;6.434;17.973;23.057
08127023;Fichtenberg;337;594;1.148;1.485;931
08127025;Gaildorf, Stadt;2.639;2.026;3.769;6.408;4.665
08127032;Gerabronn, Stadt;910;880;1.526;2.436;1.790
08127043;Ilshofen, Stadt;1.369;2.344;2.264;3.633;3.713
08127046;Kirchberg an der Jagst, Stadt;896;1.103;1.369;2.265;1.999
08127047;Langenburg, Stadt;380;337;619;999;717
08127052;Mainhardt;938;727;2.207;3.145;1.665
08127056;Michelbach an der Bilz;286;556;1.477;1.763;842
08127059;Michelfeld;380;1.175;1.738;2.118;1.555
08127062;Oberrot;675;972;1.220;1.895;1.647
08127063;Obersontheim;917;2.186;1.924;2.841;3.103
08127071;Rot am See;1.020;1.077;2.086;3.106;2.097
08127073;Satteldorf;658;2.528;2.283;2.941;3.186
08127075;Schrozberg, Stadt;1.342;1.006;1.921;3.263;2.348
08127076;Schwäbisch Hall, Stadt;13.499;17.310;7.193;20.692;30.809
08127079;Sulzbach-Laufen;654;1.086;795;1.449;1.740
08127086;Untermünkheim;394;747;1.362;1.756;1.141
08127089;Vellberg, Stadt;433;649;1.880;2.313;1.082
08127091;Wallhausen;410;794;1.681;2.091;1.204
08127099;Wolpertshausen;379;1.096;865;1.244;1.475
08127100;Rosengarten;538;777;2.257;2.795;1.315
08127101;Kreßberg;520;491;1.721;2.241;1.011
08127102;Fichtenau;870;540;1.658;2.528;1.410
08127103;Frankenhardt;527;315;2.130;2.657;842
08127104;Stimpfach;512;684;1.237;1.749;1.196
08128006;Assamstadt;410;1.003;895;1.305;1.413
08128007;Bad Mergentheim, Stadt;6.795;8.242;5.403;12.198;15.037
08128014;Boxberg, Stadt;1.400;1.704;2.278;3.678;3.104
08128020;Creglingen, Stadt;1.368;1.070;1.413;2.781;2.438
08128039;Freudenberg, Stadt;700;1.267;1.263;1.963;1.967
08128045;Großrinderfeld;499;282;1.752;2.251;781
08128047;Grünsfeld, Stadt;559;871;1.488;2.047;1.430
08128058;Igersheim;811;2.183;2.204;3.015;2.994
08128061;Königheim;388;205;1.276;1.664;593
08128064;Külsheim, Stadt;814;705;1.986;2.800;1.519
08128082;Niederstetten, Stadt;1.382;1.781;1.487;2.869;3.163
08128115;Tauberbischofsheim, Stadt;3.645;7.474;3.082;6.727;11.119
08128126;Weikersheim, Stadt;1.600;1.515;2.458;4.058;3.115
08128128;Werbach;412;400;1.354;1.766;812
08128131;Wertheim, Stadt;7.663;6.934;4.427;12.090;14.597
08128137;Wittighausen;226;179;702;928;405
08128138;Ahorn;273;292;955;1.228;565
08128139;Lauda-Königshofen, Stadt;2.694;3.200;4.787;7.481;5.894
08135010;Dischingen;983;1.271;1.381;2.364;2.254
08135015;Gerstetten;2.301;1.904;3.821;6.122;4.205
08135016;Giengen an der Brenz, Stadt;3.867;5.242;5.764;9.631;9.109
08135019;Heidenheim an der Brenz, Stadt;13.952;16.608;9.591;23.543;30.560
08135020;Herbrechtingen, Stadt;2.202;3.948;4.651;6.853;6.150
08135021;Hermaringen;199;587;835;1.034;786
08135025;Königsbronn;749;823;2.719;3.468;1.572
08135026;Nattheim;595;986;2.565;3.160;1.581
08135027;Niederstotzingen, Stadt;658;649;1.856;2.514;1.307
08135031;Sontheim an der Brenz;923;1.358;2.020;2.943;2.281
08135032;Steinheim am Albuch;1.211;1.988;3.233;4.444;3.199
08136002;Abtsgmünd;1.365;1.928;2.745;4.110;3.293
08136003;Adelmannsfelden;180;164;719;899;344
08136007;Bartholomä;332;255;832;1.164;587
08136009;Böbingen an der Rems;405;616;2.007;2.412;1.021
08136010;Bopfingen, Stadt;2.631;2.672;3.430;6.061;5.303
08136015;Durlangen;235;220;1.248;1.483;455
08136018;Ellenberg;132;157;861;993;289
08136019;Ellwangen (Jagst), Stadt;7.419;8.163;5.222;12.641;15.582
08136020;Eschach;223;361;774;997;584
08136021;Essingen;835;2.189;2.698;3.533;3.024
08136024;Göggingen;166;250;1.226;1.392;416
08136027;Gschwend;773;421;1.914;2.687;1.194
08136028;Heubach, Stadt;1.678;2.604;3.506;5.184;4.282
08136029;Heuchlingen;155;158;852;1.007;313
08136033;Hüttlingen;565;956;2.744;3.309;1.521
08136034;Iggingen;183;486;1.280;1.463;669
08136035;Jagstzell;270;270;1.021;1.291;540
08136037;Kirchheim am Ries;233;191;817;1.050;424
08136038;Lauchheim, Stadt;614;1.048;1.928;2.542;1.662
08136040;Leinzell;174;242;948;1.122;416
08136042;Lorch, Stadt;1.764;2.332;4.076;5.840;4.096
08136043;Mögglingen;392;611;1.898;2.290;1.003
08136044;Mutlangen;800;2.477;2.633;3.433;3.277
08136045;Neresheim, Stadt;1.500;1.156;2.835;4.335;2.656
08136046;Neuler;424;499;1.429;1.853;923
08136049;Obergröningen;37;13;191;228;50
08136050;Oberkochen, Stadt;1.664;7.319;2.151;3.815;8.983
08136060;Rosenberg;421;816;1.080;1.501;1.237
08136061;Ruppertshofen;178;287;830;1.008;465
08136062;Schechingen;191;238;1.087;1.278;429
08136065;Schwäbisch Gmünd, Stadt;18.530;20.071;11.871;30.401;38.601
08136066;Spraitbach;290;295;1.503;1.793;585
08136068;Stödtlen;251;200;832;1.083;451
08136070;Täferrot;65;60;487;552;125
08136071;Tannhausen;267;265;657;924;532
08136075;Unterschneidheim;721;583;1.842;2.563;1.304
08136079;Waldstetten;817;1.475;2.976;3.793;2.292
08136082;Westhausen;810;1.748;2.553;3.363;2.558
08136084;Wört;325;1.304;502;827;1.629
08136087;Riesbürg;245;440;1.023;1.268;685
08136088;Aalen, Stadt;20.916;22.913;12.646;33.562;43.829
08136089;Rainau;263;288;1.649;1.912;551
08211000;Baden-Baden, Stadt;15.546;22.701;11.183;26.729;38.247
08212000;Karlsruhe, Stadt;102.571;115.890;48.731;151.302;218.461
08215007;Bretten, Stadt;6.550;9.334;8.862;15.412;15.884
08215009;Bruchsal, Stadt;9.942;22.651;12.856;22.798;32.593
08215017;Ettlingen, Stadt;7.226;17.476;12.552;19.778;24.702
08215021;Forst;868;2.599;3.407;4.275;3.467
08215025;Gondelsheim;342;1.330;1.651;1.993;1.672
08215029;Hambrücken;538;514;2.443;2.981;1.052
08215039;Kronau;510;1.062;2.594;3.104;1.572
08215040;Kürnbach;237;422;929;1.166;659
08215046;Malsch;1.953;3.435;5.824;7.777;5.388
08215047;Marxzell;459;499;2.243;2.702;958
08215059;Oberderdingen;1.997;3.675;3.490;5.487;5.672
08215064;Östringen, Stadt;1.738;2.141;4.991;6.729;3.879
08215066;Philippsburg, Stadt;1.945;3.316;4.666;6.611;5.261
08215082;Sulzfeld;630;934;1.925;2.555;1.564
08215084;Ubstadt-Weiher;1.431;1.859;5.555;6.986;3.290
08215089;Walzbachtal;1.039;1.200;3.957;4.996;2.239
08215090;Weingarten (Baden);1.315;2.126;3.880;5.195;3.441
08215094;Zaisenhausen;196;609;777;973;805
08215096;Karlsbad;2.686;4.953;5.648;8.334;7.639
08215097;Kraichtal, Stadt;2.101;1.634;5.767;7.868;3.735
08215099;Graben-Neudorf;1.667;3.514;4.532;6.199;5.181
08215100;Bad Schönborn;1.608;2.870;5.136;6.744;4.478
08215101;Pfinztal;2.024;2.509;7.127;9.151;4.533
08215102;Eggenstein-Leopoldshafen;2.278;13.440;6.474;8.752;15.718
08215103;Karlsdorf-Neuthard;1.001;1.714;4.467;5.468;2.715
08215105;Linkenheim-Hochstetten;1.205;1.069;5.115;6.320;2.274
08215106;Waghäusel, Stadt;3.813;5.103;7.320;11.133;8.916
08215107;Oberhausen-Rheinhausen;1.054;1.185;3.879;4.933;2.239
08215108;Rheinstetten, Stadt;2.793;4.194;8.408;11.201;6.987
08215109;Stutensee, Stadt;2.636;4.881;9.746;12.382;7.517
08215110;Waldbronn;1.731;3.057;5.073;6.804;4.788
08215111;Dettenheim;754;986;2.705;3.459;1.740
08216002;Au am Rhein;275;307;1.544;1.819;582
08216005;Bietigheim;520;1.380;3.005;3.525;1.900
08216006;Bischweier;178;418;1.508;1.686;596
08216007;Bühl, Stadt;7.601;15.260;8.238;15.839;22.861
08216008;Bühlertal;818;1.217;3.687;4.505;2.035
08216009;Durmersheim;1.356;1.968;5.416;6.772;3.324
08216012;Elchesheim-Illingen;263;544;1.478;1.741;807
08216013;Forbach;581;231;1.874;2.455;812
08216015;Gaggenau, Stadt;6.288;7.990;9.022;15.310;14.278
08216017;Gernsbach, Stadt;2.278;2.713;5.105;7.383;4.991
08216022;Hügelsheim;346;637;2.406;2.752;983
08216023;Iffezheim;684;1.689;2.126;2.810;2.373
08216024;Kuppenheim, Stadt;864;1.973;3.503;4.367;2.837
08216028;Lichtenau, Stadt;718;1.055;2.029;2.747;1.773
08216029;Loffenau;230;142;1.098;1.328;372
08216033;Muggensturm;735;2.346;2.578;3.313;3.081
08216039;Ötigheim;366;1.107;2.144;2.510;1.473
08216041;Ottersweier;867;2.039;2.650;3.517;2.906
08216043;Rastatt, Stadt;12.152;22.816;12.830;24.982;34.968
08216049;Sinzheim;1.201;2.607;4.998;6.199;3.808
08216052;Steinmauern;216;365;1.415;1.631;581
08216059;Weisenbach;198;430;1.136;1.334;628
08216063;Rheinmünster;939;2.651;2.884;3.823;3.590
08221000;Heidelberg, Stadt;43.380;69.973;26.287;69.667;113.353
08222000;Mannheim, Universitätsstadt;98.242;119.369;50.423;148.665;217.611
08225001;Adelsheim, Stadt;821;1.216;1.663;2.484;2.037
08225002;Aglasterhausen;668;954;1.915;2.583;1.622
08225009;Billigheim;644;507;2.532;3.176;1.151
08225010;Binau;99;229;626;725;328
08225014;Buchen (Odenwald), Stadt;4.660;3.999;4.536;9.196;8.659
08225024;Fahrenbach;269;304;1.182;1.451;573
08225032;Hardheim;1.504;1.873;1.961;3.465;3.377
08225033;Haßmersheim;655;1.094;1.937;2.592;1.749
08225039;Höpfingen;308;275;1.338;1.646;583
08225042;Hüffenhardt;172;211;916;1.088;383
08225052;Limbach;727;788;1.654;2.381;1.515
08225058;Mosbach, Stadt;6.493;11.130;5.325;11.818;17.623
08225060;Mudau;965;620;1.823;2.788;1.585
08225064;Neckargerach;206;168;955;1.161;374
08225067;Neckarzimmern;118;465;654;772;583
08225068;Neunkirchen;203;272;817;1.020;475
08225074;Obrigheim;468;1.114;2.126;2.594;1.582
08225075;Osterburken, Stadt;1.216;2.180;2.146;3.362;3.396
08225082;Rosenberg;379;719;755;1.134;1.098
08225091;Seckach;531;532;1.577;2.108;1.063
08225109;Walldürn, Stadt;2.683;3.147;3.208;5.891;5.830
08225113;Zwingenberg;56;212;294;350;268
08225114;Ravenstein, Stadt;366;243;1.294;1.660;609
08225115;Schefflenz;445;466;1.581;2.026;911
08225116;Schwarzach;340;1.175;1.132;1.472;1.515
08225117;Elztal;669;862;2.598;3.267;1.531
08225118;Waldbrunn;647;626;1.886;2.533;1.273
08226003;Altlußheim;629;1.304;2.450;3.079;1.933
08226006;Bammental;704;1.329;2.480;3.184;2.033
08226009;Brühl;1.349;2.161;6.127;7.476;3.510
08226010;Dielheim;755;691;3.977;4.732;1.446
08226012;Dossenheim;998;1.782;5.457;6.455;2.780
08226013;Eberbach, Stadt;3.576;3.539;3.503;7.079;7.115
08226017;Epfenbach;202;303;1.100;1.302;505
08226018;Eppelheim, Stadt;1.368;3.953;6.665;8.033;5.321
08226020;Eschelbronn;242;420;1.125;1.367;662
08226022;Gaiberg;140;123;1.002;1.142;263
08226027;Heddesbach;44;44;186;230;88
08226028;Heddesheim;1.245;3.475;4.818;6.063;4.720
08226029;Heiligkreuzsteinach;334;263;1.003;1.337;597
08226031;Hemsbach, Stadt;1.198;1.153;4.998;6.196;2.351
08226032;Hockenheim, Stadt;3.327;5.926;7.648;10.975;9.253
08226036;Ilvesheim;600;1.149;4.140;4.740;1.749
08226037;Ketsch;1.459;2.540;5.074;6.533;3.999
08226038;Ladenburg, Stadt;1.699;4.395;4.096;5.795;6.094
08226040;Laudenbach;502;756;2.554;3.056;1.258
08226041;Leimen, Stadt;2.502;3.830;11.689;14.191;6.332
08226046;Malsch;280;792;1.621;1.901;1.072
08226048;Mauer;353;572;1.736;2.089;925
08226049;Meckesheim;712;2.208;2.034;2.746;2.920
08226054;Mühlhausen;809;1.018;3.599;4.408;1.827
08226055;Neckarbischofsheim, Stadt;567;829;1.507;2.074;1.396
08226056;Neckargemünd, Stadt;1.790;3.475;4.942;6.732;5.265
08226058;Neidenstein;146;459;840;986;605
08226059;Neulußheim;460;731;3.088;3.548;1.191
08226060;Nußloch;906;1.858;4.858;5.764;2.764
08226062;Oftersheim;811;1.112;5.414;6.225;1.923
08226063;Plankstadt;708;1.319;4.471;5.179;2.027
08226065;Rauenberg, Stadt;624;895;3.915;4.539;1.519
08226066;Reichartshausen;242;336;902;1.144;578
08226068;Reilingen;845;1.050;2.979;3.824;1.895
08226076;Sandhausen;1.265;2.021;6.758;8.023;3.286
08226080;Schönau, Stadt;594;544;1.656;2.250;1.138
08226081;Schönbrunn;230;134;1.279;1.509;364
08226082;Schriesheim, Stadt;1.620;2.202;5.957;7.577;3.822
08226084;Schwetzingen, Stadt;2.802;8.554;8.631;11.433;11.356
08226085;Sinsheim, Stadt;9.189;9.689;9.381;18.570;18.878
08226086;Spechbach;137;143;758;895;280
08226091;Waibstadt, Stadt;665;1.413;2.290;2.955;2.078
08226095;Walldorf, Stadt;3.029;18.392;4.833;7.862;21.421
08226096;Weinheim, Stadt;9.014;17.485;12.791;21.805;26.499
08226097;Wiesenbach;251;499;1.373;1.624;750
08226098;Wiesloch, Stadt;4.398;14.155;8.988;13.386;18.553
08226099;Wilhelmsfeld;325;689;1.288;1.613;1.014
08226101;Zuzenhausen;275;764;944;1.219;1.039
08226102;Angelbachtal;469;604;2.131;2.600;1.073
08226103;St. Leon-Rot;1.843;7.219;5.267;7.110;9.062
08226104;Lobbach;288;486;995;1.283;774
08226105;Edingen-Neckarhausen;1.399;2.366;5.866;7.265;3.765
08226106;Helmstadt-Bargen;419;579;1.560;1.979;998
08226107;Hirschberg an der Bergstraße;1.004;2.722;4.059;5.063;3.726
08231000;Pforzheim, Stadt;37.258;36.839;23.218;60.476;74.097
08235006;Altensteig, Stadt;2.095;2.518;3.628;5.723;4.613
08235007;Althengstett;847;1.831;3.395;4.242;2.678
08235008;Bad Liebenzell, Stadt;1.431;1.516;3.176;4.607;2.947
08235018;Dobel;303;341;771;1.074;644
08235020;Ebhausen;428;627;2.183;2.611;1.055
08235022;Egenhausen;218;361;897;1.115;579
08235025;Enzklösterle;257;141;400;657;398
08235029;Gechingen;329;462;1.566;1.895;791
08235032;Haiterbach, Stadt;984;1.529;2.234;3.218;2.513
08235033;Bad Herrenalb, Stadt;1.296;823;2.727;4.023;2.119
08235035;Höfen an der Enz;247;640;779;1.026;887
08235046;Nagold, Stadt;5.512;8.368;6.303;11.815;13.880
08235047;Neubulach, Stadt;946;779;1.978;2.924;1.725
08235050;Neuweiler;508;748;1.185;1.693;1.256
08235055;Oberreichenbach;250;205;1.305;1.555;455
08235057;Ostelsheim;206;328;1.101;1.307;534
08235060;Rohrdorf;150;279;874;1.024;429
08235065;Schömberg;1.404;1.041;2.781;4.185;2.445
08235066;Simmersfeld;386;716;801;1.187;1.102
08235067;Simmozheim;172;222;1.342;1.514;394
08235073;Unterreichenbach;180;195;1.059;1.239;375
08235079;Bad Wildbad, Stadt;2.689;1.798;2.668;5.357;4.487
08235080;Wildberg, Stadt;1.378;1.307;3.992;5.370;2.685
08235084;Bad Teinach-Zavelstein, Stadt;420;540;1.366;1.786;960
08235085;Calw, Stadt;5.220;7.313;6.918;12.138;12.533
08236004;Birkenfeld;1.632;4.791;3.948;5.580;6.423
08236011;Eisingen;420;449;2.142;2.562;869
08236013;Engelsbrand;485;690;1.868;2.353;1.175
08236019;Friolzheim;470;1.261;1.680;2.150;1.731
08236025;Heimsheim, Stadt;555;1.418;1.979;2.534;1.973
08236028;Illingen;856;1.629;3.123;3.979;2.485
08236030;Ispringen;681;2.491;2.767;3.448;3.172
08236031;Kieselbronn;214;479;1.374;1.588;693
08236033;Knittlingen, Stadt;1.297;2.486;2.989;4.286;3.783
08236038;Maulbronn, Stadt;926;1.382;2.426;3.352;2.308
08236039;Mönsheim;351;1.515;1.181;1.532;1.866
08236040;Mühlacker, Stadt;5.517;7.802;8.034;13.551;13.319
08236043;Neuenbürg, Stadt;1.184;1.915;3.224;4.408;3.099
08236044;Neuhausen;641;815;2.186;2.827;1.456
08236046;Niefern-Öschelbronn;1.763;3.393;4.665;6.428;5.156
08236050;Ötisheim;554;1.298;1.947;2.501;1.852
08236061;Sternenfels;357;1.149;1.113;1.470;1.506
08236062;Tiefenbronn;575;647;2.326;2.901;1.222
08236065;Wiernsheim;699;911;2.864;3.563;1.610
08236067;Wimsheim;269;948;1.283;1.552;1.217
08236068;Wurmberg;382;841;1.288;1.670;1.223
08236070;Keltern;1.332;1.628;3.620;4.952;2.960
08236071;Remchingen;1.662;2.140;4.586;6.248;3.802
08236072;Straubenhardt;1.778;2.535;4.062;5.840;4.313
08236073;Neulingen;800;1.223;2.890;3.690;2.023
08236074;Kämpfelbach;514;442;2.913;3.427;956
08236075;Ölbronn-Dürrn;288;1.010;1.525;1.813;1.298
08236076;Königsbach-Stein;1.545;3.558;3.827;5.372;5.103
08237002;Alpirsbach, Stadt;1.382;1.164;2.088;3.470;2.546
08237004;Baiersbronn;5.037;1.884;3.423;8.460;6.921
08237019;Dornstetten, Stadt;1.609;2.965;2.891;4.500;4.574
08237024;Empfingen;685;1.550;1.598;2.283;2.235
08237027;Eutingen im Gäu;539;1.105;2.622;3.161;1.644
08237028;Freudenstadt, Stadt;6.700;7.726;5.596;12.296;14.426
08237030;Glatten;533;1.637;880;1.413;2.170
08237032;Grömbach;34;28;289;323;62
08237040;Horb am Neckar, Stadt;5.323;5.089;8.000;13.323;10.412
08237045;Loßburg;1.789;2.938;2.521;4.310;4.727
08237054;Pfalzgrafenweiler;1.490;1.850;2.451;3.941;3.340
08237061;Schopfloch;474;1.834;963;1.437;2.308
08237072;Wörnersberg;33;12;82;115;45
08237073;Seewald;461;491;761;1.222;952
08237074;Waldachtal;1.341;2.051;2.074;3.415;3.392
08237075;Bad Rippoldsau-Schapbach;409;135;706;1.115;544
08311000;Freiburg im Breisgau, Stadt;81.349;78.040;26.638;107.987;159.389
08315003;Au;114;375;573;687;489
08315004;Auggen;348;449;980;1.328;797
08315006;Bad Krozingen, Stadt;3.124;5.894;6.110;9.234;9.018
08315007;Badenweiler;852;1.131;1.127;1.979;1.983
08315008;Ballrechten-Dottingen;206;492;1.037;1.243;698
08315013;Bötzingen;1.032;2.844;1.922;2.954;3.876
08315014;Bollschweil;209;183;933;1.142;392
08315015;Breisach am Rhein, Stadt;2.793;3.548;5.062;7.855;6.341
08315016;Breitnau;243;227;693;936;470
08315020;Buchenbach;410;769;1.325;1.735;1.179
08315022;Buggingen;451;1.083;1.645;2.096;1.534
08315028;Ebringen;237;439;1.255;1.492;676
08315030;Eichstetten am Kaiserstuhl;478;746;1.452;1.930;1.224
08315031;Eisenbach (Hochschwarzwald);626;1.333;602;1.228;1.959
08315033;Eschbach;273;1.754;1.118;1.391;2.027
08315037;Feldberg (Schwarzwald);546;604;490;1.036;1.150
08315039;Friedenweiler;230;262;833;1.063;492
08315041;Glottertal;536;704;1.361;1.897;1.240
08315043;Gottenheim;242;957;1.205;1.447;1.199
08315047;Gundelfingen;1.029;2.852;5.052;6.081;3.881
08315048;Hartheim;568;851;2.116;2.684;1.419
08315050;Heitersheim, Stadt;900;2.368;2.153;3.053;3.268
08315051;Heuweiler;61;86;514;575;147
08315052;Hinterzarten;707;1.020;657;1.364;1.727
08315056;Horben;80;78;494;574;158
08315059;Ihringen;914;1.126;2.437;3.351;2.040
08315064;Kirchzarten;1.533;3.261;3.362;4.895;4.794
08315068;Lenzkirch;1.432;1.433;1.316;2.748;2.865
08315070;Löffingen, Stadt;1.646;1.051;2.518;4.164;2.697
08315072;Merdingen;284;504;1.143;1.427;788
08315073;Merzhausen;336;1.026;2.141;2.477;1.362
08315074;Müllheim, Stadt;4.200;6.681;4.787;8.987;10.881
08315076;Neuenburg am Rhein, Stadt;2.005;2.851;4.043;6.048;4.856
08315084;Oberried;433;426;1.136;1.569;859
08315089;Pfaffenweiler;225;212;1.204;1.429;437
08315094;St. Märgen;390;172;694;1.084;562
08315095;St. Peter;464;232;926;1.390;696
08315098;Schallstadt;671;1.697;2.617;3.288;2.368
08315102;Schluchsee;673;416;653;1.326;1.089
08315107;Sölden;87;417;529;616;504
08315108;Staufen im Breisgau, Stadt;1.187;2.237;2.314;3.501;3.424
08315109;Stegen;392;638;1.822;2.214;1.030
08315111;Sulzburg, Stadt;428;1.021;905;1.333;1.449
08315113;Titisee-Neustadt, Stadt;3.569;3.334;3.107;6.676;6.903
08315115;Umkirch;645;2.664;2.354;2.999;3.309
08315125;Wittnau;107;219;645;752;326
08315130;Münstertal/Schwarzwald;948;421;1.850;2.798;1.369
08315131;Ehrenkirchen;919;1.879;3.098;4.017;2.798
08315132;March;983;1.909;4.183;5.166;2.892
08315133;Vogtsburg im Kaiserstuhl, Stadt;1.400;775;2.114;3.514;2.175
08316002;Bahlingen am Kaiserstuhl;672;1.377;1.725;2.397;2.049
08316003;Biederbach;223;145;819;1.042;368
08316009;Denzlingen;1.465;3.183;5.549;7.014;4.648
08316010;Elzach, Stadt;1.755;1.580;2.485;4.240;3.335
08316011;Emmendingen, Stadt;5.305;9.782;8.770;14.075;15.087
08316012;Endingen am Kaiserstuhl, Stadt;1.939;2.738;3.199;5.138;4.677
08316013;Forchheim;179;114;680;859;293
08316014;Gutach im Breisgau;602;1.126;1.878;2.480;1.728
08316017;Herbolzheim, Stadt;1.683;3.707;3.840;5.523;5.390
08316020;Kenzingen, Stadt;1.315;2.018;3.845;5.160;3.333
08316024;Malterdingen;402;1.041;1.350;1.752;1.443
08316036;Reute;237;926;1.479;1.716;1.163
08316037;Riegel am Kaiserstuhl;451;1.358;1.702;2.153;1.809
08316038;Sasbach am Kaiserstuhl;511;399;1.398;1.909;910
08316039;Sexau;366;1.009;1.434;1.800;1.375
08316042;Simonswald;463;216;1.283;1.746;679
08316043;Teningen;1.649;4.155;4.615;6.264;5.804
08316045;Vörstetten;226;516;1.466;1.692;742
08316049;Weisweil;232;237;902;1.134;469
08316051;Wyhl am Kaiserstuhl;430;512;1.781;2.211;942
08316053;Rheinhausen;338;490;1.575;1.913;828
08316054;Freiamt;783;311;1.720;2.503;1.094
08316055;Winden im Elztal;360;443;1.369;1.729;803
08316056;Waldkirch, Stadt;4.423;6.306;6.558;10.981;10.729
08317001;Achern, Stadt;6.031;8.893;8.016;14.047;14.924
08317005;Appenweier;1.318;3.066;4.160;5.478;4.384
08317008;Bad Peterstal-Griesbach;701;449;791;1.492;1.150
08317009;Berghaupten;207;454;1.121;1.328;661
08317011;Biberach;629;1.329;1.503;2.132;1.958
08317021;Durbach;609;729;1.611;2.220;1.338
08317026;Ettenheim, Stadt;1.766;2.298;4.937;6.703;4.064
08317029;Fischerbach;250;311;830;1.080;561
08317031;Friesenheim;1.662;2.219;5.474;7.136;3.881
08317034;Gengenbach, Stadt;2.007;2.401;3.590;5.597;4.408
08317039;Gutach (Schwarzwaldbahn);471;873;864;1.335;1.344
08317040;Haslach im Kinzigtal, Stadt;1.754;3.619;2.287;4.041;5.373
08317041;Hausach, Stadt;1.403;2.866;1.819;3.222;4.269
08317046;Hofstetten;249;268;815;1.064;517
08317047;Hohberg;667;996;3.692;4.359;1.663
08317051;Hornberg, Stadt;1.064;1.197;1.212;2.276;2.261
08317056;Kappelrodeck;1.045;876;2.509;3.554;1.921
08317057;Kehl, Stadt;10.348;10.578;7.088;17.436;20.926
08317059;Kippenheim;648;2.155;2.203;2.851;2.803
08317065;Lahr/Schwarzwald, Stadt;12.543;15.324;10.056;22.599;27.867
08317067;Lautenbach;182;211;883;1.065;393
08317068;Lauf;382;457;1.864;2.246;839
08317073;Mahlberg, Stadt;519;1.754;2.305;2.824;2.273
08317075;Meißenheim;470;744;1.612;2.082;1.214
08317078;Mühlenbach;208;103;816;1.024;311
08317085;Nordrach;420;689;646;1.066;1.109
08317088;Oberharmersbach;491;203;1.011;1.502;694
08317089;Oberkirch, Stadt;5.482;5.244;5.586;11.068;10.726
08317093;Oberwolfach;465;370;1.068;1.533;835
08317096;Offenburg, Stadt;19.054;32.034;11.306;30.360;51.088
08317097;Ohlsbach;238;547;1.396;1.634;785
08317098;Oppenau, Stadt;1.255;1.239;1.398;2.653;2.494
08317100;Ortenberg;293;772;1.549;1.842;1.065
08317102;Ottenhöfen im Schwarzwald;515;581;1.306;1.821;1.096
08317110;Renchen, Stadt;1.295;2.529;2.878;4.173;3.824
08317113;Ringsheim;202;833;1.052;1.254;1.035
08317114;Rust;1.010;3.485;1.344;2.354;4.495
08317116;Sasbach;707;1.936;2.285;2.992;2.643
08317118;Sasbachwalden;379;715;979;1.358;1.094
08317121;Schuttertal;443;181;1.411;1.854;624
08317122;Schutterwald;811;2.224;3.115;3.926;3.035
08317126;Seebach;219;289;610;829;508
08317127;Seelbach;754;973;1.891;2.645;1.727
08317129;Steinach;619;892;1.872;2.491;1.511
08317141;Willstätt;1.330;2.854;4.023;5.353;4.184
08317145;Wolfach, Stadt;1.300;1.784;2.011;3.311;3.084
08317146;Zell am Harmersbach, Stadt;1.941;2.199;2.508;4.449;4.140
08317150;Schwanau;1.144;2.540;2.705;3.849;3.684
08317151;Neuried;1.327;983;3.971;5.298;2.310
08317152;Kappel-Grafenhausen;513;736;2.329;2.842;1.249
08317153;Rheinau, Stadt;2.430;2.995;3.913;6.343;5.425
08325001;Aichhalden;640;880;1.670;2.310;1.520
08325009;Bösingen;413;645;1.479;1.892;1.058
08325011;Dietingen;433;397;1.755;2.188;830
08325012;Dornhan, Stadt;1.021;656;2.359;3.380;1.677
08325014;Dunningen;870;1.497;2.570;3.440;2.367
08325015;Epfendorf;266;285;1.525;1.791;551
08325024;Hardt;480;888;987;1.467;1.368
08325036;Lauterbach;482;326;1.136;1.618;808
08325045;Oberndorf am Neckar, Stadt;3.477;5.648;3.836;7.313;9.125
08325049;Rottweil, Stadt;6.222;10.598;6.811;13.033;16.820
08325050;Schenkenzell;268;367;719;987;635
08325051;Schiltach, Stadt;983;2.913;1.098;2.081;3.896
08325053;Schramberg, Stadt;6.362;8.024;4.866;11.228;14.386
08325057;Sulz am Neckar, Stadt;2.832;2.705;3.966;6.798;5.537
08325060;Villingendorf;385;1.228;1.426;1.811;1.613
08325061;Vöhringen;608;811;1.748;2.356;1.419
08325064;Wellendingen;482;1.018;1.228;1.710;1.500
08325069;Zimmern ob Rottweil;750;2.131;2.615;3.365;2.881
08325070;Fluorn-Winzeln;534;801;1.193;1.727;1.335
08325071;Eschbronn;155;209;976;1.131;364
08325072;Deißlingen;1.023;1.656;2.348;3.371;2.679
08326003;Bad Dürrheim, Stadt;1.997;3.544;4.480;6.477;5.541
08326005;Blumberg, Stadt;2.536;1.309;2.411;4.947;3.845
08326006;Bräunlingen, Stadt;1.256;1.915;1.988;3.244;3.171
08326010;Dauchingen;353;815;1.623;1.976;1.168
08326012;Donaueschingen, Stadt;5.388;8.401;6.310;11.698;13.789
08326017;Furtwangen im Schwarzwald, Stadt;3.164;2.912;1.724;4.888;6.076
08326020;Gütenbach;196;388;456;652;584
08326027;Hüfingen, Stadt;1.056;1.718;3.155;4.211;2.774
08326031;Königsfeld im Schwarzwald;920;960;2.133;3.053;1.880
08326037;Mönchweiler;376;1.365;1.271;1.647;1.741
08326041;Niedereschach;830;1.618;2.477;3.307;2.448
08326052;St. Georgen im Schwarzwald, Stadt;3.431;3.332;3.450;6.881;6.763
08326054;Schönwald im Schwarzwald;418;483;914;1.332;901
08326055;Schonach im Schwarzwald;1.123;958;1.211;2.334;2.081
08326060;Triberg im Schwarzwald, Stadt;1.279;1.209;1.382;2.661;2.488
08326061;Tuningen;410;1.038;1.231;1.641;1.448
08326065;Unterkirnach;334;457;1.043;1.377;791
08326068;Vöhrenbach, Stadt;732;603;1.332;2.064;1.335
08326074;Villingen-Schwenningen, Stadt;27.377;25.871;15.022;42.399;53.248
08326075;Brigachtal;529;375;2.417;2.946;904
08327002;Aldingen;1.187;1.943;2.758;3.945;3.130
08327004;Bärenthal;86;142;213;299;228
08327005;Balgheim;100;361;552;652;461
08327006;Böttingen;237;335;572;809;572
08327007;Bubsheim;616;743;257;873;1.359
08327008;Buchheim;84;102;327;411;186
08327009;Deilingen;274;838;726;1.000;1.112
08327010;Denkingen;351;779;1.103;1.454;1.130
08327011;Dürbheim;169;366;781;950;535
08327012;Durchhausen;117;217;391;508;334
08327013;Egesheim;177;197;217;394;374
08327016;Fridingen an der Donau, Stadt;677;845;1.066;1.743;1.522
08327017;Frittlingen;356;741;852;1.208;1.097
08327018;Geisingen, Stadt;1.327;1.698;1.926;3.253;3.025
08327019;Gosheim;1.033;2.271;1.199;2.232;3.304
08327020;Gunningen;71;62;364;435;133
08327023;Hausen ob Verena;76;185;331;407;261
08327025;Immendingen;770;525;2.519;3.289;1.295
08327027;Irndorf;133;77;260;393;210
08327029;Königsheim;105;421;203;308;526
08327030;Kolbingen;210;297;441;651;507
08327033;Mahlstetten;71;122;397;468;193
08327036;Mühlheim an der Donau, Stadt;674;1.027;1.262;1.936;1.701
08327038;Neuhausen ob Eck;523;912;1.690;2.213;1.435
08327040;Reichenbach am Heuberg;59;113;243;302;172
08327041;Renquishausen;160;112;324;484;272
08327046;Spaichingen, Stadt;2.821;5.768;3.921;6.742;8.589
08327048;Talheim;120;220;560;680;340
08327049;Trossingen, Stadt;2.929;3.282;5.130;8.059;6.211
08327050;Tuttlingen, Stadt;12.823;17.917;5.782;18.605;30.740
08327051;Wehingen;776;1.686;1.261;2.037;2.462
08327054;Wurmlingen;546;1.001;1.607;2.153;1.547
08327055;Seitingen-Oberflacht;334;363;988;1.322;697
08327056;Rietheim-Weilheim;518;2.520;1.058;1.576;3.038
08327057;Emmingen-Liptingen;938;1.369;1.814;2.752;2.307
08335001;Aach, Stadt;190;371;982;1.172;561
08335002;Allensbach;982;1.390;2.545;3.527;2.372
08335015;Büsingen am Hochrhein;205;57;102;307;262
08335021;Eigeltingen;556;772;1.557;2.113;1.328
08335022;Engen, Stadt;1.967;2.130;3.497;5.464;4.097
08335025;Gaienhofen;536;472;896;1.432;1.008
08335026;Gailingen am Hochrhein;455;732;642;1.097;1.187
08335028;Gottmadingen;1.411;2.740;3.310;4.721;4.151
08335035;Hilzingen;1.066;1.355;3.364;4.430;2.421
08335043;Konstanz, Universitätsstadt;30.169;13.810;8.245;38.414;43.979
08335055;Moos;385;451;1.332;1.717;836
08335057;Mühlingen;267;136;1.047;1.314;403
08335061;Öhningen;545;275;986;1.531;820
08335063;Radolfzell am Bodensee, Stadt;7.033;9.778;8.172;15.205;16.811
08335066;Reichenau;1.378;1.647;1.573;2.951;3.025
08335075;Singen (Hohentwiel), Stadt;13.075;20.173;9.574;22.649;33.248
08335077;Steißlingen;561;1.377;1.892;2.453;1.938
08335079;Stockach, Stadt;3.856;5.238;4.642;8.498;9.094
08335080;Tengen, Stadt;634;288;1.517;2.151;922
08335081;Volkertshausen;239;291;1.256;1.495;530
08335096;Hohenfels;269;348;790;1.059;617
08335097;Mühlhausen-Ehingen;301;414;1.683;1.984;715
08335098;Bodman-Ludwigshafen;701;826;1.555;2.256;1.527
08335099;Orsingen-Nenzingen;437;755;1.350;1.787;1.192
08335100;Rielasingen-Worblingen;1.323;1.753;4.753;6.076;3.076
08336004;Aitern;58;29;264;322;87
08336006;Bad Bellingen;683;915;1.263;1.946;1.598
08336008;Binzen;290;2.275;945;1.235;2.565
08336010;Böllen;3;0;51;54;3
08336014;Efringen-Kirchen;1.122;1.420;2.675;3.797;2.542
08336019;Eimeldingen;168;918;885;1.053;1.086
08336024;Fischingen;73;205;258;331;278
08336025;Fröhnd;33;16;261;294;49
08336034;Hasel;93;57;454;547;150
08336036;Hausen im Wiesental;189;601;941;1.130;790
08336043;Inzlingen;231;135;759;990;366
08336045;Kandern, Stadt;1.324;1.168;2.234;3.558;2.492
08336050;Lörrach, Stadt;12.153;15.998;7.944;20.097;28.151
08336057;Maulburg;661;3.391;1.536;2.197;4.052
08336069;Rheinfelden (Baden), Stadt;7.819;6.051;5.896;13.715;13.870
08336073;Rümmingen;107;242;699;806;349
08336075;Schallbach;42;21;299;341;63
08336078;Schliengen;707;807;1.878;2.585;1.514
08336079;Schönau im Schwarzwald, Stadt;497;1.164;794;1.291;1.661
08336080;Schönenberg;3;11;171;174;14
08336081;Schopfheim, Stadt;3.874;4.833;5.430;9.304;8.707
08336082;Schwörstadt;166;145;919;1.085;311
08336084;Steinen;1.198;1.541;3.445;4.643;2.739
08336087;Todtnau, Stadt;1.376;794;1.392;2.768;2.170
08336089;Tunau;10;9;101;111;19
08336090;Utzenfeld;68;317;283;351;385
08336091;Weil am Rhein, Stadt;6.237;8.390;5.847;12.084;14.627
08336094;Wembach;34;847;136;170;881
08336096;Wieden;77;96;246;323;173
08336100;Wittlingen;41;134;409;450;175
08336103;Zell im Wiesental, Stadt;944;1.065;2.254;3.198;2.009
08336104;Malsburg-Marzell;152;203;536;688;355
08336105;Grenzach-Wyhlen;2.312;3.389;2.707;5.019;5.701
08336106;Häg-Ehrsberg;93;95;373;466;188
08336107;Kleines Wiesental;413;240;1.115;1.528;653
08337002;Albbruck;973;1.338;2.309;3.282;2.311
08337013;Bernau im Schwarzwald;533;485;498;1.031;1.018
08337022;Bonndorf im Schwarzwald, Stadt;2.269;1.396;1.494;3.763;3.665
08337027;Dachsberg (Südschwarzwald);225;121;424;649;346
08337030;Dettighofen;139;161;295;434;300
08337032;Dogern;280;996;799;1.079;1.276
08337038;Görwihl;815;804;1.230;2.045;1.619
08337039;Grafenhausen;611;707;617;1.228;1.318
08337045;Häusern;198;244;452;650;442
08337049;Herrischried;358;325;716;1.074;683
08337051;Höchenschwand;487;411;691;1.178;898
08337053;Hohentengen am Hochrhein;665;337;671;1.336;1.002
08337059;Ibach;67;25;128;195;92
08337060;Jestetten;1.098;716;690;1.788;1.814
08337062;Klettgau;1.391;1.081;1.819;3.210;2.472
08337065;Lauchringen;1.091;1.834;2.230;3.321;2.925
08337066;Laufenburg (Baden), Stadt;1.393;1.998;2.292;3.685;3.391
08337070;Lottstetten;412;449;377;789;861
08337076;Murg;846;1.030;2.031;2.877;1.876
08337090;Rickenbach;548;439;1.184;1.732;987
08337096;Bad Säckingen, Stadt;4.183;5.874;2.946;7.129;10.057
08337097;St. Blasien, Stadt;989;1.210;822;1.811;2.199
08337106;Stühlingen, Stadt;1.221;1.461;1.409;2.630;2.682
08337108;Todtmoos;547;300;510;1.057;847
08337116;Wehr, Stadt;2.357;1.878;3.591;5.948;4.235
08337118;Weilheim;388;303;1.058;1.446;691
08337123;Wutöschingen;1.139;1.439;1.932;3.071;2.578
08337124;Eggingen;144;210;633;777;354
08337125;Küssaberg;687;1.239;1.409;2.096;1.926
08337126;Waldshut-Tiengen, Stadt;6.826;10.575;4.004;10.830;17.401
08337127;Wutach;161;43;469;630;204
08337128;Ühlingen-Birkendorf;746;278;1.640;2.386;1.024
08415014;Dettingen an der Erms;1.749;4.793;3.280;5.029;6.542
08415019;Eningen unter Achalm;1.094;2.519;4.847;5.941;3.613
08415027;Gomadingen;341;431;873;1.214;772
08415028;Grabenstetten;173;233;787;960;406
08415029;Grafenberg;273;639;1.233;1.506;912
08415034;Hayingen, Stadt;470;382;782;1.252;852
08415039;Hülben;354;371;1.249;1.603;725
08415048;Mehrstetten;197;222;572;769;419
08415050;Metzingen, Stadt;4.796;10.783;7.075;11.871;15.579
08415053;Münsingen, Stadt;3.401;2.457;4.324;7.725;5.858
08415058;Pfronstetten;236;233;665;901;469
08415059;Pfullingen, Stadt;2.640;5.593;7.292;9.932;8.233
08415060;Pliezhausen;1.076;2.882;4.095;5.171;3.958
08415061;Reutlingen, Stadt;31.866;38.222;25.536;57.402;70.088
08415062;Riederich;428;1.517;1.983;2.411;1.945
08415073;Trochtelfingen, Stadt;1.306;1.023;2.256;3.562;2.329
08415078;Bad Urach, Stadt;2.528;4.481;4.283;6.811;7.009
08415080;Wannweil;378;633;2.416;2.794;1.011
08415085;Zwiefalten;513;869;734;1.247;1.382
08415087;Walddorfhäslach;453;827;2.222;2.675;1.280
08415088;Römerstein;632;482;1.675;2.307;1.114
08415089;Engstingen;741;1.142;2.113;2.854;1.883
08415090;Hohenstein;600;1.323;1.496;2.096;1.923
08415091;Sonnenbühl;1.322;1.045;2.692;4.014;2.367
08415092;Lichtenstein;1.100;1.204;3.731;4.831;2.304
08415093;St. Johann;682;590;2.126;2.808;1.272
08416006;Bodelshausen;1.006;2.641;1.948;2.954;3.647
08416009;Dettenhausen;595;874;2.266;2.861;1.469
08416011;Dußlingen;555;1.294;2.579;3.134;1.849
08416015;Gomaringen;971;2.117;3.693;4.664;3.088
08416018;Hirrlingen;337;393;1.339;1.676;730
08416022;Kirchentellinsfurt;515;1.584;2.496;3.011;2.099
08416023;Kusterdingen;660;2.935;3.750;4.410;3.595
08416025;Mössingen, Stadt;3.547;4.290;7.046;10.593;7.837
08416026;Nehren;311;736;1.922;2.233;1.047
08416031;Ofterdingen;476;1.146;2.151;2.627;1.622
08416036;Rottenburg am Neckar, Stadt;7.218;6.116;14.883;22.101;13.334
08416041;Tübingen, Universitätsstadt;26.993;33.430;15.609;42.602;60.423
08416048;Ammerbuch;1.190;1.744;4.872;6.062;2.934
08416049;Neustetten;289;312;1.632;1.921;601
08416050;Starzach;347;277;1.930;2.277;624
08417002;Balingen, Stadt;10.068;12.619;7.982;18.050;22.687
08417008;Bisingen;1.376;2.356;3.699;5.075;3.732
08417010;Bitz;401;406;1.533;1.934;807
08417013;Burladingen, Stadt;2.668;1.370;4.107;6.775;4.038
08417014;Dautmergen;20;51;190;210;71
08417015;Dormettingen;141;450;456;597;591
08417016;Dotternhausen;202;722;838;1.040;924
08417022;Geislingen, Stadt;743;852;2.597;3.340;1.595
08417023;Grosselfingen;197;495;913;1.110;692
08417025;Haigerloch, Stadt;2.121;1.787;3.858;5.979;3.908
08417029;Hausen am Tann;35;35;202;237;70
08417031;Hechingen, Stadt;3.924;5.348;6.105;10.029;9.272
08417036;Jungingen;247;776;510;757;1.023
08417044;Meßstetten, Stadt;1.779;1.865;3.734;5.513;3.644
08417045;Nusplingen;199;204;730;929;403
08417047;Obernheim;176;148;603;779;324
08417051;Rangendingen;640;1.007;2.152;2.792;1.647
08417052;Ratshausen;77;300;340;417;377
08417054;Rosenfeld, Stadt;1.321;1.650;2.123;3.444;2.971
08417057;Schömberg, Stadt;749;871;1.786;2.535;1.620
08417063;Straßberg;308;361;1.088;1.396;669
08417071;Weilen unter den Rinnen;37;57;306;343;94
08417075;Winterlingen;1.026;800;2.454;3.480;1.826
08417078;Zimmern unter der Burg;25;21;235;260;46
08417079;Albstadt, Stadt;14.405;10.818;8.243;22.648;25.223
08421000;Ulm, Universitätsstadt;42.400;71.385;21.902;64.302;113.785
08425002;Allmendingen;730;975;1.775;2.505;1.705
08425004;Altheim;57;89;288;345;146
08425005;Altheim (Alb);207;139;769;976;346
08425008;Amstetten;718;1.414;1.455;2.173;2.132
08425011;Asselfingen;110;131;475;585;241
08425013;Ballendorf;80;49;280;360;129
08425014;Beimerstetten;233;322;1.149;1.382;555
08425017;Berghülen;254;253;837;1.091;507
08425019;Bernstadt;148;166;1.036;1.184;314
08425020;Blaubeuren, Stadt;2.670;3.209;3.907;6.577;5.879
08425022;Börslingen;10;31;69;79;41
08425024;Breitingen;30;14;143;173;44
08425028;Dietenheim, Stadt;1.050;1.373;2.514;3.564;2.423
08425031;Dornstadt;1.251;3.647;3.410;4.661;4.898
08425033;Ehingen (Donau), Stadt;7.328;7.776;6.823;14.151;15.104
08425035;Emeringen;6;2;85;91;8
08425036;Emerkingen;107;137;391;498;244
08425039;Erbach, Stadt;1.778;2.085;5.579;7.357;3.863
08425050;Griesingen;28;27;529;557;55
08425052;Grundsheim;14;18;102;116;32
08425055;Hausen am Bussen;4;10;131;135;14
08425062;Holzkirch;13;18;129;142;31
08425064;Hüttisheim;136;137;666;802;273
08425066;Illerrieden;290;390;1.517;1.807;680
08425071;Laichingen, Stadt;2.716;2.480;3.570;6.286;5.196
08425072;Langenau, Stadt;2.965;4.083;5.108;8.073;7.048
08425073;Lauterach;32;16;298;330;48
08425075;Lonsee;563;419;2.114;2.677;982
08425079;Merklingen;329;785;776;1.105;1.114
08425081;Munderkingen, Stadt;827;1.088;1.916;2.743;1.915
08425083;Neenstetten;133;447;368;501;580
08425084;Nellingen;328;405;821;1.149;733
08425085;Nerenstetten;8;7;166;174;15
08425088;Oberdischingen;191;327;922;1.113;518
08425090;Obermarchtal;192;213;570;762;405
08425091;Oberstadion;187;172;752;939;359
08425092;Öllingen;44;50;274;318;94
08425093;Öpfingen;182;204;1.071;1.253;386
08425097;Rammingen;144;271;583;727;415
08425098;Rechtenstein;31;23;145;176;54
08425104;Rottenacker;264;767;937;1.201;1.031
08425108;Schelklingen, Stadt;1.035;1.005;2.486;3.521;2.040
08425110;Schnürpflingen;143;121;668;811;264
08425112;Setzingen;57;107;310;367;164
08425123;Untermarchtal;84;231;305;389;315
08425124;Unterstadion;89;301;369;458;390
08425125;Unterwachingen;15;51;90;105;66
08425130;Weidenstetten;120;117;660;780;237
08425134;Westerheim;562;673;1.044;1.606;1.235
08425135;Westerstetten;178;162;974;1.152;340
08425137;Illerkirchberg;324;525;2.203;2.527;849
08425138;Staig;320;430;1.433;1.753;750
08425139;Heroldstatt;462;731;1.125;1.587;1.193
08425140;Balzheim;342;619;791;1.133;961
08425141;Blaustein;1.723;1.964;6.939;8.662;3.687
08426001;Achstetten;514;947;2.146;2.660;1.461
08426005;Alleshausen;21;23;260;281;44
08426006;Allmannsweiler;15;25;155;170;40
08426008;Altheim;224;321;925;1.149;545
08426011;Attenweiler;188;138;943;1.131;326
08426013;Bad Buchau, Stadt;956;1.814;1.266;2.222;2.770
08426014;Bad Schussenried, Stadt;2.055;2.753;2.522;4.577;4.808
08426019;Berkheim;402;986;1.158;1.560;1.388
08426020;Betzenweiler;138;417;322;460;555
08426021;Biberach an der Riß, Stadt;10.927;21.911;6.318;17.245;32.838
08426028;Burgrieden;267;391;1.947;2.214;658
08426031;Dettingen an der Iller;299;738;1.042;1.341;1.037
08426035;Dürmentingen;552;1.200;960;1.512;1.752
08426036;Dürnau;61;33;213;274;94
08426038;Eberhardzell;755;1.079;1.895;2.650;1.834
08426043;Erlenmoos;186;315;914;1.100;501
08426044;Erolzheim;442;799;1.333;1.775;1.241
08426045;Ertingen;1.010;1.290;1.971;2.981;2.300
08426058;Hochdorf;282;698;1.029;1.311;980
08426062;Ingoldingen;372;377;1.288;1.660;749
08426064;Kanzach;71;104;229;300;175
08426065;Kirchberg an der Iller;285;330;846;1.131;615
08426066;Kirchdorf an der Iller;648;2.171;1.421;2.069;2.819
08426067;Langenenslingen;709;806;1.338;2.047;1.515
08426070;Laupheim, Stadt;5.932;10.042;5.932;11.864;15.974
08426071;Maselheim;519;475;2.048;2.567;994
08426073;Mietingen;497;650;2.162;2.659;1.147
08426074;Mittelbiberach;320;557;1.993;2.313;877
08426078;Moosburg;14;32;105;119;46
08426087;Ochsenhausen, Stadt;2.210;4.027;2.841;5.051;6.237
08426090;Oggelshausen;90;190;472;562;280
08426097;Riedlingen, Stadt;2.331;3.017;3.234;5.565;5.348
08426100;Rot an der Rot;892;604;1.783;2.675;1.496
08426108;Schwendi;1.231;1.605;2.439;3.670;2.836
08426109;Seekirch;13;27;140;153;40
08426113;Steinhausen an der Rottum;256;109;970;1.226;365
08426117;Tannheim;275;215;1.046;1.321;490
08426118;Tiefenbach;39;31;244;283;70
08426120;Ummendorf;484;1.517;1.896;2.380;2.001
08426121;Unlingen;307;204;1.108;1.415;511
08426124;Uttenweiler;626;388;1.517;2.143;1.014
08426125;Wain;276;427;604;880;703
08426128;Warthausen;421;1.722;2.447;2.868;2.143
08426134;Schemmerhofen;1.123;1.029;3.671;4.794;2.152
08426135;Gutenzell-Hürbel;169;79;911;1.080;248
08435005;Bermatingen;502;902;1.658;2.160;1.404
08435010;Daisendorf;102;77;643;745;179
08435013;Eriskirch;505;636;2.127;2.632;1.141
08435015;Frickingen;487;772;1.143;1.630;1.259
08435016;Friedrichshafen, Stadt;20.308;21.932;10.710;31.018;42.240
08435018;Hagnau am Bodensee;357;311;402;759;668
08435020;Heiligenberg;663;869;909;1.572;1.532
08435024;Immenstaad am Bodensee;1.215;3.601;1.834;3.049;4.816
08435029;Kressbronn am Bodensee;1.519;2.715;3.023;4.542;4.234
08435030;Langenargen;1.213;1.342;2.726;3.939;2.555
08435034;Markdorf, Stadt;2.519;4.282;4.676;7.195;6.801
08435035;Meckenbeuren;2.224;4.676;5.010;7.234;6.900
08435036;Meersburg, Stadt;1.237;1.482;1.764;3.001;2.719
08435042;Neukirch;396;282;1.213;1.609;678
08435045;Oberteuringen;548;727;2.195;2.743;1.275
08435047;Owingen;566;655;1.633;2.199;1.221
08435052;Salem;1.917;2.331;3.993;5.910;4.248
08435053;Sipplingen;255;249;758;1.013;504
08435054;Stetten;103;97;415;518;200
08435057;Tettnang, Stadt;4.439;6.861;6.158;10.597;11.300
08435059;Überlingen, Stadt;6.192;7.413;4.283;10.475;13.605
08435066;Uhldingen-Mühlhofen;1.171;883;3.050;4.221;2.054
08435067;Deggenhausertal;784;714;1.728;2.512;1.498
08436001;Achberg;221;338;623;844;559
08436003;Aichstetten;543;690;1.044;1.587;1.233
08436004;Aitrach;405;751;1.039;1.444;1.156
08436005;Altshausen;882;1.932;1.215;2.097;2.814
08436006;Amtzell;699;889;1.640;2.339;1.588
08436008;Aulendorf, Stadt;1.837;1.967;3.600;5.437;3.804
08436009;Bad Waldsee, Stadt;5.666;6.290;5.390;11.056;11.956
08436010;Bad Wurzach, Stadt;3.742;1.701;4.127;7.869;5.443
08436011;Baienfurt;729;2.189;3.167;3.896;2.918
08436012;Baindt;475;1.099;2.374;2.849;1.574
08436013;Berg;476;1.683;1.851;2.327;2.159
08436014;Bergatreute;407;197;1.435;1.842;604
08436018;Bodnegg;468;896;1.217;1.685;1.364
08436019;Boms;52;50;300;352;102
08436024;Ebenweiler;106;90;529;635;196
08436027;Eichstegen;64;46;240;304;110
08436032;Fleischwangen;70;82;340;410;152
08436039;Grünkraut;464;1.332;1.244;1.708;1.796
08436040;Guggenhausen;7;1;88;95;8
08436047;Hoßkirch;87;81;329;416;168
08436049;Isny im Allgäu, Stadt;4.541;4.066;2.939;7.480;8.607
08436052;Kißlegg;2.137;1.611;2.733;4.870;3.748
08436053;Königseggwald;80;76;298;378;156
08436055;Leutkirch im Allgäu, Stadt;7.178;4.403;5.207;12.385;11.581
08436064;Ravensburg, Stadt;14.805;30.222;12.086;26.891;45.027
08436067;Riedhausen;36;87;325;361;123
08436069;Schlier;373;475;1.450;1.823;848
08436077;Unterwaldhausen;7;9;155;162;16
08436078;Vogt;632;749;1.814;2.446;1.381
08436079;Waldburg;349;550;1.392;1.741;899
08436081;Wangen im Allgäu, Stadt;7.885;7.428;6.519;14.404;15.313
08436082;Weingarten, Stadt;4.100;11.445;8.650;12.750;15.545
08436083;Wilhelmsdorf;1.186;1.338;1.458;2.644;2.524
08436085;Wolfegg;539;669;1.419;1.958;1.208
08436087;Wolpertswende;417;409;1.823;2.240;826
08436093;Ebersbach-Musbach;196;151;770;966;347
08436094;Argenbühl;1.154;720;2.445;3.599;1.874
08436095;Horgenzell;842;905;2.199;3.041;1.747
08436096;Fronreute;474;568;2.166;2.640;1.042
08437005;Beuron;88;153;201;289;241
08437008;Bingen;243;146;1.286;1.529;389
08437031;Gammertingen, Stadt;1.629;2.375;1.794;3.423;4.004
08437044;Herbertingen;679;1.127;2.064;2.743;1.806
08437047;Hettingen, Stadt;412;844;630;1.042;1.256
08437053;Hohentengen;564;809;1.759;2.323;1.373
08437056;Illmensee;332;513;853;1.185;845
08437059;Inzigkofen;336;414;1.220;1.556;750
08437065;Krauchenwies;792;912;2.020;2.812;1.704
08437072;Leibertingen;272;470;906;1.178;742
08437076;Mengen, Stadt;2.157;2.933;3.352;5.509;5.090
08437078;Meßkirch, Stadt;2.051;1.603;2.581;4.632;3.654
08437082;Neufra;223;269;825;1.048;492
08437086;Ostrach;1.601;1.378;2.375;3.976;2.979
08437088;Pfullendorf, Stadt;3.924;4.093;3.048;6.972;8.017
08437100;Bad Saulgau, Stadt;4.683;4.441;4.449;9.132;9.124
08437101;Scheer, Stadt;258;597;1.126;1.384;855
08437102;Schwenningen;201;208;670;871;409
08437104;Sigmaringen, Stadt;4.055;7.220;3.656;7.711;11.275
08437105;Sigmaringendorf;639;1.458;1.197;1.836;2.097
08437107;Stetten am kalten Markt;1.088;2.022;1.588;2.676;3.110
08437114;Veringenstadt, Stadt;247;231;858;1.105;478
08437118;Wald;342;287;1.113;1.455;629
08437123;Sauldorf;480;600;1.038;1.518;1.080
08437124;Herdwangen-Schönach;553;499;1.269;1.822;1.052